id,title,overview,popularity,release_date,vote_average,vote_count,genre_ids,genres,actors,director
912649,Venom: The Last Dance,"Eddie and Venom are on the run. Hunted by both of their worlds and with the net closing in, the duo are forced into a devastating decision that will bring the curtains down on Venom and Eddie's last dance.",3197.278,2024-10-22,6.5,763,"[878, 28, 12]","['Science Fiction', 'Action', 'Adventure']","['Tom Hardy', 'Chiwetel Ejiofor', 'Juno Temple', 'Clark Backo', 'Rhys Ifans']",Kelly Marcel
1034541,Terrifier 3,"Five years after surviving Art the Clown's Halloween massacre, Sienna and Jonathan are still struggling to rebuild their shattered lives. As the holiday season approaches, they try to embrace the Christmas spirit and leave the horrors of the past behind. But just when they think they're safe, Art returns, determined to turn their holiday cheer into a new nightmare. The festive season quickly unravels as Art unleashes his twisted brand of terror, proving that no holiday is safe.",2204.248,2024-10-09,6.9,1015,"[27, 53, 9648]","['Horror', 'Thriller', 'Mystery']","['Lauren LaVera', 'David Howard Thornton', 'Samantha Scaffidi', 'Elliott Fullam', 'Margaret Anne Florence']",Damien Leone
1184918,The Wild Robot,"After a shipwreck, an intelligent robot called Roz is stranded on an uninhabited island. To survive the harsh environment, Roz bonds with the island's animals and cares for an orphaned baby goose.",1868.856,2024-09-12,8.5,2908,"[16, 878, 10751]","['Animation', 'Science Fiction', 'Family']","[""Lupita Nyong'o"", 'Pedro Pascal', 'Kit Connor', 'Bill Nighy', 'Stephanie Hsu']",Chris Sanders
1118031,Apocalypse Z: The Beginning of the End,"When a kind of rabies that transforms people into aggressive creatures spreads across the planet, Manel isolates himself at home with his cat, relying on his wits to survive; but soon they must go out in search of food, by land and by sea, dodging many dangers.",1861.349,2024-10-04,6.8,486,"[18, 28, 27]","['Drama', 'Action', 'Horror']","['Francisco Ortiz', 'José María Yázpik', 'Berta Vázquez', 'Iria del Río', 'Marta Poveda']",Carles Torrens
558449,Gladiator II,"Years after witnessing the death of the revered hero Maximus at the hands of his uncle, Lucius is forced to enter the Colosseum after his home is conquered by the tyrannical Emperors who now lead Rome with an iron fist. With rage in his heart and the future of the Empire at stake, Lucius must look to his past to find strength and honor to return the glory of Rome to its people.",1978.412,2024-11-13,6.8,409,"[28, 12, 18]","['Action', 'Adventure', 'Drama']","['Paul Mescal', 'Denzel Washington', 'Pedro Pascal', 'Connie Nielsen', 'Joseph Quinn']",Ridley Scott
533535,Deadpool & Wolverine,"A listless Wade Wilson toils away in civilian life with his days as the morally flexible mercenary, Deadpool, behind him. But when his homeworld faces an existential threat, Wade must reluctantly suit-up again with an even more reluctant Wolverine.",1490.952,2024-07-24,7.692,5471,"[28, 35, 878]","['Action', 'Comedy', 'Science Fiction']","['Ryan Reynolds', 'Hugh Jackman', 'Emma Corrin', 'Matthew Macfadyen', 'Dafne Keen']",Shawn Levy
933260,The Substance,"A fading celebrity decides to use a black market drug, a cell-replicating substance that temporarily creates a younger, better version of herself.",1356.547,2024-09-07,7.282,2062,"[18, 27, 878]","['Drama', 'Horror', 'Science Fiction']","['Demi Moore', 'Margaret Qualley', 'Dennis Quaid', 'Edward Hamilton-Clark', 'Gore Abrams']",Coralie Fargeat
1124641,Classified,"Operating alone in the field for more than 20 years, a CIA hitman uses the ""Help Wanted"" section of the newspapers to get his orders from the Agency. His long-lost daughter, now a UK MI6 analyst, tracks him down to deliver shocking news: his CIA boss has been dead for years and the division long since shut down. Together, they set out to discover whose orders he's been executing.",1241.638,2024-09-19,5.65,50,"[28, 53]","['Action', 'Thriller']","['Aaron Eckhart', 'Tim Roth', 'Abigail Breslin', 'Matt Hookings', 'Lucky Ali']",Roel Reiné
698687,Transformers One,"The untold origin story of Optimus Prime and Megatron, better known as sworn enemies, but once were friends bonded like brothers who changed the fate of Cybertron forever.",1200.39,2024-09-11,8.094,721,"[16, 878, 12, 10751]","['Animation', 'Science Fiction', 'Adventure', 'Family']","['Chris Hemsworth', 'Brian Tyree Henry', 'Scarlett Johansson', 'Keegan-Michael Key', 'Jon Hamm']",Josh Cooley
845781,Red One,"After Santa Claus (codename: Red One) is kidnapped, the North Pole's Head of Security must team up with the world's most infamous bounty hunter in a globe-trotting, action-packed mission to save Christmas.",1080.128,2024-10-31,6.7,128,"[28, 35, 14]","['Action', 'Comedy', 'Fantasy']","['Dwayne Johnson', 'Chris Evans', 'J.K. Simmons', 'Lucy Liu', 'Kiernan Shipka']",Jake Kasdan
519182,Despicable Me 4,"Gru and Lucy and their girls—Margo, Edith and Agnes—welcome a new member to the Gru family, Gru Jr., who is intent on tormenting his dad. Gru also faces a new nemesis in Maxime Le Mal and his femme fatale girlfriend Valentina, forcing the family to go on the run.",875.791,2024-06-20,7.086,2175,"[16, 10751, 35, 28]","['Animation', 'Family', 'Comedy', 'Action']","['Steve Carell', 'Kristen Wiig', 'Will Ferrell', 'Sofía Vergara', 'Miranda Cosgrove']",Chris Renaud
945961,Alien: Romulus,"While scavenging the deep ends of a derelict space station, a group of young space colonizers come face to face with the most terrifying life form in the universe.",1011.771,2024-08-13,7.255,2323,"[878, 27]","['Science Fiction', 'Horror']","['Cailee Spaeny', 'David Jonsson', 'Archie Renaux', 'Isabela Merced', 'Spike Fearn']",Fede Álvarez
1051896,Arcadian,"In the near future, on a decimated Earth, Paul and his twin sons face terror at night when ferocious creatures awaken. When Paul is nearly killed, the boys come up with a plan for survival, using everything their father taught them to keep him alive.",847.405,2024-04-12,6.1,438,"[28, 27, 53, 878]","['Action', 'Horror', 'Thriller', 'Science Fiction']","['Nicolas Cage', 'Jaeden Martell', 'Maxwell Jenkins', 'Sadie Soverall', 'Samantha Coughlan']",Benjamin Brewer
1100856,Whisper of the Witch,"Mara, an ancient pagan spirit, hunts a group of teenagers taking their body parts to be reborn. A disillusioned and desperate investigator has to face his deepest fears to save the teenagers.",688.188,2024-06-13,6.545,11,"[27, 53]","['Horror', 'Thriller']","['Arthur Beschastny', 'Maryana Spivak', 'Sofya Shidlovskaya', 'Igor Grabuzov', 'Sergey Safronov']",Serik Beyseu
1116490,Cash Out,"Criminal mastermind Mason is about to execute the score of a lifetime when his lover and key member of his crew, Decker, takes the team down and reveals she’s an undercover Interpol agent. Heartbroken, Mason escapes and retires from the life of crime until his younger brother Shawn is out of his league taking on a big bank heist all on his own. Mason has no choice left but to come to the rescue, while Interpol brings Decker in hoping to unnerve him. Before the SWAT teams storm the bank, Mason must use every tool in his arsenal to not only escape with the prize, but also the love of his life.",735.804,2024-04-26,6.255,110,"[28, 53]","['Action', 'Thriller']","['John Travolta', 'Kristin Davis', 'Lukas Haas', 'Quavo', 'Joel Cohen']",Randall Emmett
335983,Venom,"Investigative journalist Eddie Brock attempts a comeback following a scandal, but accidentally becomes the host of Venom, a violent, super powerful alien symbiote. Soon, he must rely on his newfound powers to protect the world from a shadowy organization looking for a symbiote of their own.",728.794,2018-09-28,6.834,15972,"[878, 28]","['Science Fiction', 'Action']","['Tom Hardy', 'Michelle Williams', 'Riz Ahmed', 'Scott Haze', 'Reid Scott']",Ruben Fleischer
1084736,The Count of Monte-Cristo,"Edmond Dantes becomes the target of a sinister plot and is arrested on his wedding day for a crime he did not commit. After 14 years in the island prison of Château d’If, he manages a daring escape. Now rich beyond his dreams, he assumes the identity of the Count of Monte-Cristo and exacts his revenge on the three men who betrayed him.",708.688,2024-06-28,8.243,865,"[28, 12, 18, 36, 10749, 53]","['Action', 'Adventure', 'Drama', 'History', 'Romance', 'Thriller']","['Pierre Niney', 'Bastien Bouillon', 'Anaïs Demoustier', 'Anamaria Vartolomei', 'Laurent Lafitte']",Alexandre de La Patellière
1022789,Inside Out 2,"Teenager Riley's mind headquarters is undergoing a sudden demolition to make room for something entirely unexpected: new Emotions! Joy, Sadness, Anger, Fear and Disgust, who’ve long been running a successful operation by all accounts, aren’t sure how to feel when Anxiety shows up. And it looks like she’s not alone.",731.716,2024-06-11,7.589,4758,"[16, 10751, 12, 35, 18]","['Animation', 'Family', 'Adventure', 'Comedy', 'Drama']","['Amy Poehler', 'Maya Hawke', 'Kensington Tallman', 'Liza Lapira', 'Tony Hale']",Kelsey Mann
1142518,Freedom,"Inspired by the true events of one of France's most notorious non-violent robbers, Bruno Sulak, in the 1980s. He led multiple heists, then captured public attention for his many daring escapes from police custody...always to reunite with his beloved lover and accomplice Annie, becoming both France's Public Enemy #1 and an icon of Freedom.",844.356,2024-11-01,6.6,55,"[28, 10749, 18]","['Action', 'Romance', 'Drama']","['Lucas Bravo', 'Yvan Attal', 'Léa Luce Busato', 'Steve Tientcheu', 'David Ayala']",Mélanie Laurent
1041317,Battle for the Western Front,"Inspired by Canuck WWI flying ace Billy Bishop, two young soldiers crash the front lines in August 1918. With the Allies detained, their platoon must desperately hold out alongside legendary Anishinaabe sniper Francis ""Peggy"" Pegahmagabow.",732.627,2022-10-06,3.2,3,[10752],['War'],"['Michael Lake', 'Christopher Cordell', 'Sylvain Plasse', 'Somerville Black', 'Aaron Huggett']",Aaron Huggett
1196470,Survive,A couple celebrates their son’s birthday in the middle of the ocean on their boat. A violent storm hits and it brings up hungry creatures from the depths and they fight for their survival.,626.089,2024-06-19,5.595,58,"[53, 12, 28, 878]","['Thriller', 'Adventure', 'Action', 'Science Fiction']","['Andreas Pietschmann', 'Émilie Dequenne', 'Lucas Ebel', 'Arben Bajraktaraj', 'Lisa Delamar']",Frédéric Jardin
1029235,Azrael,"In a world where no one speaks, a devout female hunts down a young woman who has escaped her imprisonment. Recaptured by its ruthless leaders, Azrael is due to be sacrificed to pacify an ancient evil deep within the surrounding wilderness.",587.624,2024-09-27,6.122,131,"[28, 27, 53]","['Action', 'Horror', 'Thriller']","['Samara Weaving', 'Vic Carmen Sonne', 'Katariina Unt', 'Peter Christoffersen', 'Nathan Stewart-Jarrett']",E.L. Katz
791042,Levels,"After witnessing his girlfriend's murder, a man risks everything - including reality itself - to discover the truth.",1051.501,2024-11-01,5.8,14,"[28, 878, 53]","['Action', 'Science Fiction', 'Thriller']","['Cara Gee', 'Peter Mooney', 'Aaron Abrams', 'David Hewlett', 'Amanda Tapping']",Adam Stern
580489,Venom: Let There Be Carnage,"After finding a host body in investigative reporter Eddie Brock, the alien symbiote must face a new enemy, Carnage, the alter ego of serial killer Cletus Kasady.",561.646,2021-09-30,6.8,10196,"[878, 28, 12]","['Science Fiction', 'Action', 'Adventure']","['Tom Hardy', 'Woody Harrelson', 'Michelle Williams', 'Naomie Harris', 'Reid Scott']",Andy Serkis
98,Gladiator,"In the year 180, the death of Emperor Marcus Aurelius throws the Roman Empire into chaos. Maximus is one of the Roman army's most capable and trusted generals, as well as a key advisor to the emperor. As Marcus' devious son Commodus ascends to the throne, Maximus is sentenced to execution. He escapes but is captured by slave traders. Renamed ""Spaniard"" and forced to become a gladiator, Maximus must battle to the death against other men for the amusement of paying audiences.",599.32,2000-05-04,8.216,18611,"[28, 18, 12]","['Action', 'Drama', 'Adventure']","['Russell Crowe', 'Joaquin Phoenix', 'Connie Nielsen', 'Oliver Reed', 'Richard Harris']",Ridley Scott
179387,Heavenly Touch,"Jonard is having trouble making ends meet. His mother is suffering from depression, and he and his sister are forced to quit school in order to take care of her. One day, Jonard meets up his friend Rodel, and Rodel introduces him to the world of massage parlors. Rodel teaches him massage, and brings him to Heavenly Touch, a syndicate-run massage parlor that mostly caters to homosexuals.",880.664,2009-05-12,6.477,22,"[18, 10749]","['Drama', 'Romance']","['Paolo Serrano', 'Joash Balejado', 'Marco Morales', 'Gwen Garci', 'Paolo Rivero']",Joel Lamangan
889737,Joker: Folie à Deux,"While struggling with his dual identity, Arthur Fleck not only stumbles upon true love, but also finds the music that's always been inside him.",500.077,2024-10-01,5.607,1608,"[18, 80, 53]","['Drama', 'Crime', 'Thriller']","['Joaquin Phoenix', 'Lady Gaga', 'Brendan Gleeson', 'Catherine Keener', 'Zazie Beetz']",Todd Phillips
1094974,Take Cover,A burned-out professional sniper finds himself trapped in an all-glass penthouse by a lethal competitor and must find a way to survive and escape with little to no cover between him and the killer.,543.731,2024-10-04,7.053,57,"[28, 53]","['Action', 'Thriller']","['Scott Adkins', 'Alice Eve', 'Jack Parr', 'Billy Clements', 'Mădălina Bellariu Ion']",Nick McKinless
1371727,Sing: Thriller,"Buster Moon dreams up a star-studded spectacle set to Michael Jackson's ""Thriller"" in this animated short featuring characters from the hit ""Sing"" films.",450.644,2024-10-16,7.298,94,"[16, 10751, 35, 27]","['Animation', 'Family', 'Comedy', 'Horror']","['Matthew McConaughey', 'Tori Kelly', 'Nick Kroll', 'Scarlett Johansson', 'Taron Egerton']",Garth Jennings
976734,Canary Black,"Top level CIA agent Avery Graves is blackmailed by terrorists into betraying her own country to save her kidnapped husband. Cut off from her team, she turns to her underworld contacts to survive and help locate the coveted intelligence that the kidnappers want.",520.741,2024-10-10,6.305,243,"[28, 53, 80]","['Action', 'Thriller', 'Crime']","['Kate Beckinsale', 'Rupert Friend', 'Saffron Burrows', 'Ray Stevenson', 'Goran Kostić']",Pierre Morel
1214484,Let Go,A jaded mother makes a last-ditch effort to keep her family together by taking them on a trip to their teenage daughter’s pole dancing competition.,488.297,2024-11-01,8.068,170,[18],['Drama'],"['Josephine Bornebusch', 'Pål Sverre Hagen', 'Sigrid Johnson', 'Olle Tikkakoski Lundström', 'Leon Mentori']",Josephine Bornebusch
1287717,Do Not Enter,"Two working class youtubers ‘in the making’ enter an abandoned mansion to get their basketball back, and get lost inside while pranking each other. They record their ‘quick adventure’ with their phones for their audience, and tweak it with a fake phantom appearance to attract more followers to their YouTube channel. When uploaded the video goes viral, so they start a challenge: if the video reaches a certain number of views, they will enter the house again, at night, alone, totally unprotected. As fans react positively, they will do as promised, not only to discover and unveil the true nature of the place and their inhabitants, but to realize they might not be among the living anymore. Which opens a question - how far would you go to be famous?",442.513,2024-08-06,7.662,71,[27],['Horror'],"['Pablo Martínez', 'Lucas Caballero', 'Rafael Alfaro', 'Lara Chamorro', 'Andy Romero']",Hugo Cardozo
1100782,Smile 2,"About to embark on a new world tour, global pop sensation Skye Riley begins experiencing increasingly terrifying and inexplicable events. Overwhelmed by the escalating horrors and the pressures of fame, Skye is forced to face her dark past to regain control of her life before it spirals out of control.",607.657,2024-10-16,6.885,397,"[27, 9648]","['Horror', 'Mystery']","['Naomi Scott', 'Rosemarie DeWitt', 'Lukas Gage', 'Miles Gutierrez-Riley', 'Peter Jacobson']",Parker Finn
1328814,Amityville: Where the Echo Lives,"When paranormal investigator Heather West receives a call from a terrified woman who claims her house is inhabited by a ghost, she discovers the building has a horrifying history. After a presence from beyond our world reaches out to her, Heather begins to feel a pull to the other side of the spirit plane. Can this hunter of specters deliver an innocent soul to a place of peace and discover an eternal truth in time to save her own life?",453.199,2024-10-28,6.313,8,"[27, 9648]","['Horror', 'Mystery']","['Sarah McDonald', 'Breanna Rossi', 'Adela Perez', 'Nicholas J. Barelli', 'Hector De Alva']",Carlos Ayala
1331375,Dominique,"Dominique, a well-trained assassin, flees from her troubled past in an attempt to begin a new life in South America. However, she soon finds herself in a town plagued with violence and corruption. Facing brutal attacks from the police and mafia, Dominique must decide whether to protect herself or an innocent family that has taken her in.",471.803,2024-10-11,7.3,43,"[28, 53]","['Action', 'Thriller']","['Oksana Orlan', 'Sebastián Carvajal', 'María del Rosario', 'Maurice Compte', 'Chase Coleman']",Michael S. Ojeda
592831,Megalopolis,"Genius artist Cesar Catilina seeks to leap the City of New Rome into a utopian, idealistic future, while his opposition, Mayor Franklyn Cicero, remains committed to a regressive status quo, perpetuating greed, special interests, and partisan warfare. Torn between them is socialite Julia Cicero, the mayor’s daughter, whose love for Cesar has divided her loyalties, forcing her to discover what she truly believes humanity deserves.",504.709,2024-09-25,5.6,443,"[18, 878]","['Drama', 'Science Fiction']","['Adam Driver', 'Giancarlo Esposito', 'Nathalie Emmanuel', 'Aubrey Plaza', 'Shia LaBeouf']",Francis Ford Coppola
402431,Wicked,"Elphaba, an ostracized but defiant girl born with green skin, and Galinda, a privileged aristocrat born popular, become extremely unlikely friends in the magical Land of Oz. As the two girls struggle with their opposing personalities, their friendship is tested as both begin to fulfil their destinies as Glinda the Good and The Wicked Witch of the West.",791.164,2024-11-20,7.7,20,"[18, 14, 10749]","['Drama', 'Fantasy', 'Romance']","['Cynthia Erivo', 'Ariana Grande', 'Jonathan Bailey', 'Michelle Yeoh', 'Jeff Goldblum']",Jon M. Chu
917496,Beetlejuice Beetlejuice,"After a family tragedy, three generations of the Deetz family return home to Winter River. Still haunted by Betelgeuse, Lydia's life is turned upside down when her teenage daughter, Astrid, accidentally opens the portal to the Afterlife.",418.297,2024-09-04,7.147,1831,"[35, 14, 27]","['Comedy', 'Fantasy', 'Horror']","['Michael Keaton', 'Winona Ryder', ""Catherine O'Hara"", 'Jenna Ortega', 'Justin Theroux']",Tim Burton
978796,Bagman,"For centuries and across cultures, parents have warned their children of the legendary Bagman, who snatches innocent children and stuffs them into his vile, rotting bag—never to be seen again. Patrick McKee narrowly escaped such an encounter as a boy, which left him with lasting scars throughout his adulthood. Now, Patrick’s childhood tormentor has returned, threatening the safety of his wife Karina and son Jake.",366.357,2024-09-20,6.335,79,"[27, 53]","['Horror', 'Thriller']","['Sam Claflin', 'Antonia Thomas', 'Caréll Vincent Rhoden', 'Will Davis', 'Adelle Leonce']",Colm McCarthy
573435,Bad Boys: Ride or Die,"After their late former Captain is framed, Lowrey and Burnett try to clear his name, only to end up on the run themselves.",406.538,2024-06-05,7.495,2348,"[28, 35]","['Action', 'Comedy']","['Will Smith', 'Martin Lawrence', 'Vanessa Hudgens', 'Alexander Ludwig', 'Paola Nuñez']",Adil El Arbi
592831,Megalopolis,"Genius artist Cesar Catilina seeks to leap the City of New Rome into a utopian, idealistic future, while his opposition, Mayor Franklyn Cicero, remains committed to a regressive status quo, perpetuating greed, special interests, and partisan warfare. Torn between them is socialite Julia Cicero, the mayor’s daughter, whose love for Cesar has divided her loyalties, forcing her to discover what she truly believes humanity deserves.",504.709,2024-09-25,5.6,443,"[18, 878]","['Drama', 'Science Fiction']","['Adam Driver', 'Giancarlo Esposito', 'Nathalie Emmanuel', 'Aubrey Plaza', 'Shia LaBeouf']",Francis Ford Coppola
1063877,Don't Move,"A grieving woman in a secluded forest encounters a killer who injects her with a paralytic drug. As her body shuts down, her fight for survival begins.",379.329,2024-10-24,6.4,506,"[53, 27]","['Thriller', 'Horror']","['Kelsey Asbille', 'Finn Wittrock', 'Daniel Francis', 'Moray Treadwell', 'Dylan Beam']",Brian Netto
1144962,Transmorphers: Mech Beasts,"20 years after the events of Transmorphers, a newer, more advanced species of alien robot descends on a rebuilt Earth, threatening once again to destroy the planet.",447.96,2023-06-09,5.5,30,"[28, 878]","['Action', 'Science Fiction']","['Tom Arnold', 'Tania Fox', 'Jolene Anderson', 'Andrew Rogers', 'Mica Javier']",Michael Su
1159311,My Hero Academia: You're Next,"In a society devastated by the effects of an all-out war between heroes and villains, a mysterious giant fortress suddenly appears, engulfing towns and people one after another. Then, a man reminiscent of All Might, the 'symbol of peace', stands in front of Izuku and his friends...",447.016,2024-08-02,6.9,51,"[16, 28, 12, 878]","['Animation', 'Action', 'Adventure', 'Science Fiction']","['Daiki Yamashita', 'Nobuhiko Okamoto', 'Yuki Kaji', 'Mamoru Miyano', 'Meru Nukumi']",Tensai Okamura
420634,Terrifier,A maniacal clown named Art terrorizes three young women on Halloween night and everyone else who stands in his way.,391.645,2018-01-25,6.391,2441,"[27, 53]","['Horror', 'Thriller']","['David Howard Thornton', 'Jenna Kanell', 'Samantha Scaffidi', 'Catherine Corcoran', 'Pooya Mohseni']",Damien Leone
827931,Time Cut,"A teen in 2024 accidentally time-travels to 2003, days before a masked killer murders her sister. Can she change the past without destroying the future?",340.191,2024-10-29,5.6,305,"[27, 878, 53]","['Horror', 'Science Fiction', 'Thriller']","['Madison Bailey', 'Antonia Gentry', 'Griffin Gluck', 'Megan Best', 'Michael Shanks']",Hannah Macpherson
823219,Flow,"A solitary cat, displaced by a great flood, finds refuge on a boat with various species and must navigate the challenges of adapting to a transformed world together.",334.388,2024-08-29,8.5,248,"[16, 14, 12]","['Animation', 'Fantasy', 'Adventure']",[],Gints Zilbalodis
957452,The Crow,"Soulmates Eric and Shelly are brutally murdered when the demons of her dark past catch up with them. Given the chance to save his true love by sacrificing himself, Eric sets out to seek merciless revenge on their killers, traversing the worlds of the living and the dead to put the wrong things right.",334.248,2024-08-21,5.9,759,"[28, 14, 27]","['Action', 'Fantasy', 'Horror']","['Bill Skarsgård', 'FKA twigs', 'Danny Huston', 'Josette Simon', 'Laura Birn']",Rupert Sanders
269509,The Canterville Ghost,"An American family moves in to the Canterville Chase, a London mansion that has been haunted by ghost Sir Simon De Canterville for 300 years.",426.689,2023-09-22,6.6,21,"[16, 35, 10751, 14]","['Animation', 'Comedy', 'Family', 'Fantasy']","['Stephen Fry', 'Hugh Laurie', 'Freddie Highmore', 'Emily Carey', 'Imelda Staunton']",Kim Burdon
157336,Interstellar,The adventures of a group of explorers who make use of a newly discovered wormhole to surpass the limitations on human space travel and conquer the vast distances involved in an interstellar voyage.,433.509,2014-11-05,8.4,35610,"[12, 18, 878]","['Adventure', 'Drama', 'Science Fiction']","['Matthew McConaughey', 'Anne Hathaway', 'Michael Caine', 'Jessica Chastain', 'Casey Affleck']",Christopher Nolan
1014505,OVERLORD: The Sacred Kingdom,"After twelve years of playing his favorite MMORPG game, Momonga logs in for the last time only to find himself transported into its world playing it indefinitely. Throughout his adventures, his avatar ascends to the title of Sorcerer King Ains Ooal Gown. Once prosperous but now on the brink of ruin, The Sacred Kingdom enjoyed years of peace after construction of an enormous wall protecting them from neighboring invasions. But, one day this comes to an end when the Demon Emperor Jaldabaoth arrives with an army of villainous demi-humans. Fearing invasion of their own lands, the neighboring territory of the Slane Theocracy is forced to beg their enemies at the Sorcerer Kingdom for help. Heeding the call, Momonga, now known as the Sorcerer King Ains Ooal Gown, rallies the Sorcerer Kingdom and its undead army to join the fight alongside the Sacred Kingdom and the Slane Theocracy in hopes to defeat the Demon Emperor.",591.51,2024-09-20,7.25,12,"[28, 12, 16, 14]","['Action', 'Adventure', 'Animation', 'Fantasy']","['Satoshi Hino', 'Yumi Hara', 'Masayuki Katou', 'Yoshino Aoyama', 'Hitomi Nabatame']",Naoyuki Ito
1241982,Moana 2,"After receiving an unexpected call from her wayfinding ancestors, Moana journeys alongside Maui and a new crew to the far seas of Oceania and into dangerous, long-lost waters for an adventure unlike anything she's ever faced.",416.938,2024-11-27,0.0,0,"[16, 12, 10751, 35]","['Animation', 'Adventure', 'Family', 'Comedy']","[""Auli'i Cravalho"", 'Dwayne Johnson', 'Alan Tudyk', 'Rachel House', 'Temuera Morrison']",David G. Derrick Jr.
1140648,Double Blind,"After an experimental drug trial goes awry, the test subjects face a terrifying side effect: if you fall asleep you die. Trapped in an isolated facility, panic ensues as they try to escape and somehow stay awake.",416.911,2024-02-09,5.838,77,"[878, 27, 53]","['Science Fiction', 'Horror', 'Thriller']","['Millie Brady', 'Pollyanna McIntosh', 'Akshay Kumar', 'Diarmuid Noyes', ""Brenock O'Connor""]",Ian Hunt Duffy
726139,Project Silence,"Due to sudden deteriorating weather conditions, visibility on the Airport Bridge is severely impaired, leaving people stranded and at risk of the bridge collapsing due to a series of chain collisions and explosions. Amidst the chaos, the canine subjects ""Echo"" from the military experiment ""Project Silence,"" who were being transported in secret, break free, and all human survivors become targets of relentless attacks.",336.919,2024-07-11,7.05,230,"[28, 53, 27, 878]","['Action', 'Thriller', 'Horror', 'Science Fiction']","['Lee Sun-kyun', 'Ju Ji-hoon', 'Kim Hee-won', 'Moon Sung-keun', 'Ye Su-jeong']",Kim Tae-gon
928480,Monster Summer,"When a mysterious force begins to disrupt their big summer fun, Noah and his friends team up with a retired police detective to embark on a monstrous adventure to save their island.",561.274,2024-10-04,6.3,30,"[12, 14, 9648, 27]","['Adventure', 'Fantasy', 'Mystery', 'Horror']","['Mel Gibson', 'Mason Thames', 'Julian Lerner', 'Abigail James Witherspoon', 'Noah Cottrell']",David Henrie
663712,Terrifier 2,"A year after the Miles County massacre, Art the Clown is resurrected by a sinister entity. Art returns home, where he must hunt down and destroy teenage Sienna and her younger brother Jonathan on Halloween. As the body count rises, the siblings fight to stay alive while uncovering the true nature of Art's evil intent.",297.486,2022-10-06,6.8,2047,"[27, 53]","['Horror', 'Thriller']","['David Howard Thornton', 'Lauren LaVera', 'Elliott Fullam', 'Sarah Voigt', 'Kailey Hyman']",Damien Leone
947891,My Old Ass,"An 18th birthday mushroom trip brings free-spirited Elliott face-to-face with her wisecracking 39-year-old self. But when Elliott’s ""old ass"" starts handing out warnings about what her younger self should and shouldn't do, Elliott realizes she has to rethink everything about family, love, and what's becoming a transformative summer.",296.805,2024-09-13,6.7,123,"[35, 18, 10749, 878]","['Comedy', 'Drama', 'Romance', 'Science Fiction']","['Maisy Stella', 'Aubrey Plaza', 'Percy Hynes White', 'Maddie Ziegler', 'Kerrice Brooks']",Megan Park
1288998,1978,"During the World Cup final between Argentina and Holland, in times of military dictatorship, a group of torturers kidnap a group of young people. What begins as an inhumane interrogation turns into hell: the wrong group has been kidnapped.",505.238,2024-10-16,5.5,2,"[27, 53, 18]","['Horror', 'Thriller', 'Drama']","['Agustin Olcese', 'Carlos Portaluppi', 'Mario Alarcón', 'Jorge Lorenzo', 'Santiago Rios']",Nicolás Onetti
1354627,SpongeBob Squarepants: Kreepaway Kamp,"While at Kamp Koral for a reunion, SpongeBob and the gang are stalked by a mysterious figure lurking in the shadows as campers start disappearing one by one!",304.444,2024-10-10,7.132,53,"[10770, 10751, 35, 27, 16]","['TV Movie', 'Family', 'Comedy', 'Horror', 'Animation']","['Tom Kenny', 'Bill Fagerbakke', 'Rodger Bumpass', 'Clancy Brown', 'Carolyn Lawrence']",Ian Vasquez
616446,Brothers,"A reformed criminal's attempt at going straight is derailed when he reunites with his sanity-testing twin brother on a road trip for the score of a lifetime. Dodging bullets, the law, and an overbearing mother along the way, they must heal their severed family bond before they end up killing each other.",303.169,2024-10-10,6.058,182,"[28, 35, 80]","['Action', 'Comedy', 'Crime']","['Josh Brolin', 'Peter Dinklage', 'Glenn Close', 'Brendan Fraser', 'Taylour Paige']",Max Barbakow
1010581,My Fault,"Noah must leave her city, boyfriend, and friends to move into William Leister's mansion, the flashy and wealthy husband of her mother Rafaela. As a proud and independent 17 year old, Noah resists living in a mansion surrounded by luxury. However, it is there where she meets Nick, her new stepbrother, and the clash of their strong personalities becomes evident from the very beginning.",344.722,2023-06-08,7.918,3052,"[10749, 18]","['Romance', 'Drama']","['Nicole Wallace', 'Gabriel Guevara', 'Marta Hazas', 'Iván Sánchez', 'Eva Ruiz']",Domingo González
991610,Invasion,"When neighboring country Veragua suddenly attacks Curaçao and Aruba, the Dutch government is taken completely by surprise. The conflict escalates rapidly. Three young Navy recruits must figure out what is the right thing to do.",291.045,2024-04-11,4.9,10,"[28, 18, 53]","['Action', 'Drama', 'Thriller']","['Tarikh Janssen', 'Gijs Blom', 'Ortál Vriend', 'Jasha Rudge', 'Fedja van Huêt']",Bobby Boermans
482600,Japanese Mom,"""Innocent face, D-cup breasts and perfect intercourse skills! Son, this is not your girlfriend anymore but your mother!""  Ki-ho brings Yuki from Japan to marry her. However, he starts cheating on her with his ex-girlfriend in Korea.  Min-cheol comforted Yuki and thought of her as his daughter-in-law, but one day he realizes he is looking at her as a woman.  In the end, Yuki and Min-cheol have intercourse without Ki-ho knowing...",322.984,2017-02-09,6.179,28,"[10749, 18]","['Romance', 'Drama']","['Jeon Ji-hak', 'Choi Min-ho', 'Saki Mizumi', 'Ha Roo', 'Ahn So-hee']",Kim Moo-won
1151949,The Shadow Strays,"Skilled in the art of killing, a young assassin defies her mentor to save a boy from a ruthless crime syndicate — and she'll destroy anyone in her path.",345.97,2024-09-10,7.4,145,"[28, 80, 53]","['Action', 'Crime', 'Thriller']","['Aurora Ribero', 'Hana Malasan', 'Andri Mashadi', 'Adipati Dolken', 'Kristo Immanuel']",Timo Tjahjanto
1079091,It Ends with Us,"When a woman's first love suddenly reenters her life, her relationship with a charming, but abusive neurosurgeon is upended, and she realizes she must learn to rely on her own strength to make an impossible choice for her future.",291.606,2024-08-07,7.225,1041,"[10749, 18]","['Romance', 'Drama']","['Blake Lively', 'Justin Baldoni', 'Jenny Slate', 'Brandon Sklenar', 'Hasan Minhaj']",Justin Baldoni
1255208,Bag of Lies,"Desperate to save his dying wife, Matt turns to The Bag, an ancient relic with dark magic. The cure demands a chilling ritual and strict rules. As his wife heals, Matt's sanity unravels, facing terrifying consequences.",226.459,2024-03-29,6.0,25,"[27, 53]","['Horror', 'Thriller']","['John Wells', 'Madison Pullins', 'Patrick Taft', 'Brandi Botkin', 'Terry Tocantins']",David Andrew James
1292359,"Hello, Love, Again","Five years on from when Joy said goodbye to Ethan and Hong Kong to pursue her dreams in Canada. After fighting for their love to conquer the time, distance and a global shutdown that kept them apart, Joy and Ethan meet again in Canada but realize that they have also changed a lot, individually.",275.982,2024-11-13,9.0,1,"[10749, 18]","['Romance', 'Drama']","['Kathryn Bernardo', 'Alden Richards', 'Joross Gamboa', 'Valerie Concepcion', 'Kevin Kreider']",Cathy Garcia-Sampana
1011985,Kung Fu Panda 4,"Po is gearing up to become the spiritual leader of his Valley of Peace, but also needs someone to take his place as Dragon Warrior. As such, he will train a new kung fu practitioner for the spot and will encounter a villain called the Chameleon who conjures villains from the past.",258.146,2024-03-02,7.1,2698,"[16, 10751, 14, 28]","['Animation', 'Family', 'Fantasy', 'Action']","['Jack Black', 'Awkwafina', 'Viola Davis', 'Dustin Hoffman', 'Bryan Cranston']",Mike Mitchell
639720,IF,"After discovering she can see everyone's imaginary friends, a girl embarks on a magical adventure to reconnect forgotten imaginary friends with their kids.",294.144,2024-05-08,7.28,1005,"[35, 14, 10751]","['Comedy', 'Fantasy', 'Family']","['Cailey Fleming', 'Ryan Reynolds', 'John Krasinski', 'Fiona Shaw', 'Steve Carell']",John Krasinski
653346,Kingdom of the Planet of the Apes,"Several generations following Caesar's reign, apes – now the dominant species – live harmoniously while humans have been reduced to living in the shadows. As a new tyrannical ape leader builds his empire, one young ape undertakes a harrowing journey that will cause him to question all he's known about the past and to make choices that will define a future for apes and humans alike.",279.667,2024-05-08,7.111,3186,"[878, 12, 28]","['Science Fiction', 'Adventure', 'Action']","['Owen Teague', 'Freya Allan', 'Kevin Durand', 'Peter Macon', 'William H. Macy']",Wes Ball
748783,The Garfield Movie,"Garfield, the world-famous, Monday-hating, lasagna-loving indoor cat, is about to have a wild outdoor adventure! After an unexpected reunion with his long-lost father – scruffy street cat Vic – Garfield and his canine friend Odie are forced from their perfectly pampered life into joining Vic in a hilarious, high-stakes heist.",289.111,2024-04-30,7.113,1084,"[16, 35, 10751, 12, 28]","['Animation', 'Comedy', 'Family', 'Adventure', 'Action']","['Chris Pratt', 'Samuel L. Jackson', 'Hannah Waddingham', 'Ving Rhames', 'Nicholas Hoult']",Mark Dindal
1288575,Bila Esok Ibu Tiada,"It tells the story of a family with four children consisting of 1 boy and 3 girls. The four children are very dependent on their parents, especially their mother. Until one day, these four siblings had to accept the fate of their mother's passing.",319.548,2024-11-14,8.0,1,"[18, 10751]","['Drama', 'Family']","['Christine Hakim', 'Adinia Wirasti', 'Fedi Nuril', 'Amanda Manopo', 'Yasmin Napper']",Rudi Soedjarwo
1145491,Operation Black Ops,"A group of mercenaries are hired to overthrow a Neo-Nazi stronghold nestled deep in the heart of Texas, only to discover they are protecting nuclear codes that could ignite World War III.",332.611,2023-07-11,5.8,38,"[28, 53]","['Action', 'Thriller']","['Tito Ortiz', 'Cristiane Justino', 'Mike Ferguson', 'Kelsey Johnson', 'Mike Markoff']",Jamaal Burden
718821,Twisters,"As storm season intensifies, the paths of former storm chaser Kate Carter and reckless social-media superstar Tyler Owens collide when terrifying phenomena never seen before are unleashed. The pair and their competing teams find themselves squarely in the paths of multiple storm systems converging over central Oklahoma in the fight of their lives.",244.32,2024-07-10,6.9,1799,"[53, 28]","['Thriller', 'Action']","['Daisy Edgar-Jones', 'Glen Powell', 'Anthony Ramos', 'Brandon Perea', 'Maura Tierney']",Lee Isaac Chung
824003,Diabolik - Who Are You?,"Captured by a ruthless gang of bank robbers, foes Diabolik and Ginko find themselves facing certain death. While Eva Kant and Altea forge an unlikely alliance to rescue their lovers, Diabolik reveals his mysterious past to the Inspector.",246.56,2023-11-30,6.3,103,"[80, 28]","['Crime', 'Action']","['Giacomo Gianniotti', 'Miriam Leone', 'Valerio Mastandrea', 'Monica Bellucci', 'Pier Giorgio Bellocchio']",Marco Manetti
157336,Interstellar,The adventures of a group of explorers who make use of a newly discovered wormhole to surpass the limitations on human space travel and conquer the vast distances involved in an interstellar voyage.,433.509,2014-11-05,8.442,35609,"[12, 18, 878]","['Adventure', 'Drama', 'Science Fiction']","['Matthew McConaughey', 'Anne Hathaway', 'Michael Caine', 'Jessica Chastain', 'Casey Affleck']",Christopher Nolan
1329336,The Bad Guys: Haunted Heist,The crafty Bad Guys crew embarks on a high-stakes Halloween heist to swipe a priceless amulet from a spooky mansion. What could go wrong?,227.466,2024-10-02,7.2,84,"[16, 35]","['Animation', 'Comedy']","['Michael Godere', 'Ezekiel Ajeigbe', 'Raul Ceballos', 'Chris Diamantopoulos', 'Mallory Low']",Kevin Peaty
972614,Knox Goes Away,"A contract killer, after being diagnosed with a fast-moving form of dementia, is presented with the opportunity to redeem himself by saving the life of his estranged adult son. But to do so, he must race against the police closing in on him as well as the ticking clock of his own rapidly deteriorating mind.",306.452,2024-03-15,6.7,222,"[80, 53, 28]","['Crime', 'Thriller', 'Action']","['Michael Keaton', 'Al Pacino', 'Marcia Gay Harden', 'James Marsden', 'Suzy Nakamura']",Michael Keaton
1153291,Private call,"A mysterious phone call will change the life of the writer Valentino Lombardi and his family. He will be violently harassed by a psychopath who will play the bloodiest and most macabre horror story with him. But that's not all, for years he has studied it and will take revenge by torturing anyone who meddles. They must fight to survive and face such an atrocity. Who is it? And what do you want?",241.094,2023-07-11,5.0,1,"[53, 28]","['Thriller', 'Action']","['Gabriel Ng', 'Carolina Herrera', 'Santiago Rodríguez', 'Christian Cosse']",Gabriel Ng
1104171,Meet Me Next Christmas,"On a quest to meet the man of her dreams, a hopeless romantic races across New York City to find a ticket to a sold-out Pentatonix Christmas concert.",217.91,2024-11-05,6.321,109,"[10749, 35, 10770]","['Romance', 'Comedy', 'TV Movie']","['Christina Milian', 'Devale Ellis', 'Kofi Siriboe', 'Kalen Allen', 'Mitch Grassi']",Rusty Cundieff
762441,A Quiet Place: Day One,"As New York City is invaded by alien creatures who hunt by sound, a woman named Sam fights to survive with her cat.",235.027,2024-06-26,6.8,2116,"[27, 878, 53]","['Horror', 'Science Fiction', 'Thriller']","[""Lupita Nyong'o"", 'Joseph Quinn', 'Alex Wolff', 'Djimon Hounsou', 'Eliane Umuhire']",Michael Sarnoski
1361292,Cellar Door,"Looking for a fresh start after a miscarriage, a couple find themselves being gifted the house of their dreams with one caveat - they can never open the cellar door. Whether they can live without knowing triggers shocking consequences.",224.824,2024-10-31,6.6,43,[53],['Thriller'],"['Jordana Brewster', 'Scott Speedman', 'Laurence Fishburne', 'Addison Timlin', 'Chris Conner']",Vaughn Stein
365177,Borderlands,"Returning to her home planet, an infamous bounty hunter forms an unexpected alliance with a team of unlikely heroes. Together, they battle monsters and dangerous bandits to protect a young girl who holds the key to unimaginable power.",224.351,2024-08-07,5.844,793,"[28, 878, 35]","['Action', 'Science Fiction', 'Comedy']","['Cate Blanchett', 'Kevin Hart', 'Edgar Ramírez', 'Jamie Lee Curtis', 'Ariana Greenblatt']",Eli Roth
1373893,Joni pata de conejo,,253.05,2024-10-11,6.5,5,[28],['Action'],"['Jose Valero', 'Gregor Acuña-Pohl']",Ismael Vazquez Nervión
823464,Godzilla x Kong: The New Empire,"Following their explosive showdown, Godzilla and Kong must reunite against a colossal undiscovered threat hidden within our world, challenging their very existence – and our own.",283.596,2024-03-27,7.1,3801,"[28, 12, 878]","['Action', 'Adventure', 'Science Fiction']","['Rebecca Hall', 'Brian Tyree Henry', 'Dan Stevens', 'Kaylee Hottle', 'Alex Ferns']",Adam Wingard
1290287,Hot Frosty,"When a young widow's magic scarf brings a dashing snowman to life, can he help her rediscover romance, laughter and holiday cheer before he melts away?",284.5,2024-11-12,6.4,77,"[10749, 35]","['Romance', 'Comedy']","['Lacey Chabert', 'Dustin Milligan', 'Craig Robinson', 'Joe Lo Truglio', 'Katy Mixon']",Jerry Ciccoritti
783110,Smugglers,"During the 1970s, in Kunchon, there were women divers who were able to dive without equipment, including two best friends Choon-ja and Jin-sook, Jin-sook's brother and Hammer. They always collected seafood under water for living. But, as fewer factories started to be built near the beach, the women divers started to have trouble with what they were doing for living. Without any choice, the ship crews decided to join the smuggling business in the water to seek a way for their living. But the smuggling business in their village got too big for Jin-sook's family to handle and the peaceful village was gradually broken.",245.898,2023-07-26,6.6,47,"[80, 28]","['Crime', 'Action']","['Kim Hye-soo', 'Yum Jung-ah', 'Zo In-sung', 'Park Jeong-min', 'Kim Jong-soo']",Ryoo Seung-wan
592695,Pleasure,"19 year old Linnéa leaves her small town in Sweden and heads for Los Angeles with the aim of becoming the world's next big porn star, but the road to her goal turns out to be bumpier than she imagined.",330.896,2021-10-08,6.231,545,[18],['Drama'],"['Sofia Kappel', 'Zelda Morrison', 'Tee Reel', 'Evelyn Claire', 'Chris Cock']",Ninja Thyberg
940551,Migration,"After a migrating duck family alights on their pond with thrilling tales of far-flung places, the Mallard family embarks on a family road trip, from New England, to New York City, to tropical Jamaica.",242.795,2023-12-06,7.4,1800,"[16, 28, 12, 35, 10751]","['Animation', 'Action', 'Adventure', 'Comedy', 'Family']","['Kumail Nanjiani', 'Elizabeth Banks', 'Caspar Jennings', 'Tresi Gazal', 'Awkwafina']",Benjamin Renner
507241,The Killer's Game,"When top hitman Joe Flood is diagnosed with a terminal illness, he decides to take matters into his own hands – by taking a hit out on himself. But when the very hitmen he hired also target his ex-girlfriend, he must fend off an army of assassin colleagues and win back the love of his life before it's too late.",239.664,2024-09-12,6.9,119,"[28, 35, 80]","['Action', 'Comedy', 'Crime']","['Dave Bautista', 'Sofia Boutella', 'Terry Crews', 'Pom Klementieff', 'Ben Kingsley']",J.J. Perry
1306764,Outside,"A family retreats to an isolated farm during a zombie outbreak, but years of painful secrets take a toll as they navigate their desolate world.",188.677,2024-10-17,5.99,104,"[27, 53]","['Horror', 'Thriller']","['Sid Lucero', 'Beauty Gonzalez', 'Marco Masa', 'Aiden Patdu', 'James Blanco']",Carlo Ledesma
173705,Female Teacher: In Front of the Students,"The lovely Reiko has taken a new teaching job at a creepy old high school.  She is an extremely attractive woman and the young students in her class have fallen for her.  One night, after tennis practice, she is brutally assaulted in the locker room shower by a man with a stocking over his face.  Left on the floor naked and in shock, she discovers a single puzzle piece left behind by the crazed man.  A few days later, a pair of students enact a perverted sexual revenge on Reiko for kicking someone off the tennis team.  Could one of these students be the man who brutalized her in the locker room?  Who owns the strange puzzle piece?  As the mystery unfolds, Reiko must come to terms with her own sexual urges and fate.",275.47,1982-04-09,7.0,14,"[18, 9648, 27]","['Drama', 'Mystery', 'Horror']","['Rushia Santô', 'Rina Oka', 'Kyôko Sagami', 'Toshiyuki Kitami', 'Toru Nakane']",Yasuaki Uegaki
637649,Wrath of Man,"A cold and mysterious new security guard for a Los Angeles cash truck company surprises his co-workers when he unleashes precision skills during a heist. The crew is left wondering who he is and where he came from. Soon, the marksman's ultimate motive becomes clear as he takes dramatic and irrevocable steps to settle a score.",268.231,2021-04-22,7.632,5250,"[80, 28, 53]","['Crime', 'Action', 'Thriller']","['Jason Statham', 'Holt McCallany', 'Josh Hartnett', 'Scott Eastwood', ""Darrell D'Silva""]",Guy Ritchie
1079485,Winnie-the-Pooh: Blood and Honey 2,"Five months following the murders, Christopher Robin struggles to maintain a regular life while dealing with PTSD. However, deep within the 100-Acre-Wood, a destructive rage grows as Pooh, Piglet, Owl, and Tigger find their home and their lives endangered after their existence is revealed.",225.424,2024-03-26,6.2,273,"[27, 53]","['Horror', 'Thriller']","['Scott Chambers', 'Ryan Oliva', 'Marcus Massey', 'Tallulah Evans', 'Lewis Santer']",Rhys Frake-Waterfield
1047373,The Silent Hour,"While working a case as an interpreter, a hearing-impaired police detective must confront a group of criminals trying to eliminate a deaf murder witness in her apartment building.",215.295,2024-10-03,6.5,60,"[80, 53, 28]","['Crime', 'Thriller', 'Action']","['Joel Kinnaman', 'Sandra Mae Frank', 'Mekhi Phifer', 'Mark Strong', 'Michael Eklund']",Brad Anderson
1147710,Hijack 1971,"Pilots Tae-in and Gyu-sik are set to fly to Gimpo. Under the guidance of flight attendant Ok-soon, passengers are busy boarding. However, shortly after takeoff, a homemade bomb explodes, turning the cabin into chaos.",274.65,2024-06-21,6.1,72,"[28, 53, 80]","['Action', 'Thriller', 'Crime']","['Ha Jung-woo', 'Yeo Jin-goo', 'Sung Dong-il', 'Chae Soo-bin', 'Moon You-kang']",Kim Sung-han
464026,Let's Go To Rose Motel,"Seong-soo hasn't had any physical contact with his girlfriend yet after 6 months of being together so he's always excited to see her. One day, Seong-soo succeeds in getting Min-ae into Rose Motel. When he is about to shower, Seong-soo discovers a small hole in the wall leading to the next room and watches the couple next door having intercourse. Seong-soo continues to watch out of curiosity but realizes he just watched celebrity Sara giving sexual favors to a big shot politician...",206.603,2013-08-14,4.0,1,"[18, 10749]","['Drama', 'Romance']","['Sung Eun-chae', 'Jang Sung-won', 'Woo Do-hwan', 'Yeo Min-jeong']",Sin Jeong-gyoon
786892,Furiosa: A Mad Max Saga,"As the world fell, young Furiosa is snatched from the Green Place of Many Mothers and falls into the hands of a great Biker Horde led by the Warlord Dementus. Sweeping through the Wasteland they come across the Citadel presided over by The Immortan Joe. While the two Tyrants war for dominance, Furiosa must survive many trials as she puts together the means to find her way home.",240.33,2024-05-22,7.5,3427,"[28, 878, 12]","['Action', 'Science Fiction', 'Adventure']","['Anya Taylor-Joy', 'Chris Hemsworth', 'Tom Burke', 'Alyla Browne', 'George Shevtsov']",George Miller
1114513,Speak No Evil,"When an American family is invited to spend the weekend at the idyllic country estate of a charming British family they befriended on vacation, what begins as a dream holiday soon warps into a snarled psychological nightmare.",202.636,2024-09-11,7.3,918,"[27, 53]","['Horror', 'Thriller']","['James McAvoy', 'Mackenzie Davis', 'Scoot McNairy', 'Aisling Franciosi', 'Alix West Lefler']",James Watkins
1087822,Hellboy: The Crooked Man,"Hellboy and a rookie BPRD agent get stranded in 1950s rural Appalachia. There, they discover a small community haunted by witches, led by a local devil with a troubling connection to Hellboy's past: the Crooked Man.",224.959,2024-08-29,5.4,283,"[14, 27, 28]","['Fantasy', 'Horror', 'Action']","['Jack Kesy', 'Jefferson White', 'Adeline Rudolph', 'Martin Bassindale', 'Leah McNamara']",Brian Taylor
